--
-- Dumping data for table mst_modality
--

INSERT INTO mst_modality (modality_uuid, modality_code, modality_name, modality_description, "version", is_active, created_date, created_by, modified_date, modified_by) VALUES
('0c47079d-8bcd-43d6-a970-ad4071288c62', 'NM', 'Nuclear Medicine', 'Nuclear Medicine', 0, true, '2018-12-06 10:51:36', NULL, NULL, NULL),
('1226914e-20fe-4949-8aa6-20f0350659ca', 'BI', 'Biomagnetic imaging', 'Biomagnetic imaging', 0, true, '2018-12-06 10:51:36', NULL, NULL, NULL),
('129549ad-dd7f-4f26-8691-bb7395d58e96', 'XA', 'X-Ray Angiography', 'X-Ray Angiography', 0, true, '2018-12-06 10:51:36', NULL, NULL, NULL),
('15fffca8-7ae9-4107-b8c9-5bba0caafc49', 'OPM', 'Ophthalmic Mapping', 'Ophthalmic Mapping', 0, true, '2018-12-06 10:51:36', NULL, NULL, NULL),
('18e4b480-091b-4454-99b0-7d259bb01362', 'SM', 'Slide Microscopy', 'Slide Microscopy', 0, true, '2018-12-06 10:51:36', NULL, NULL, NULL),
('1b179cbd-47eb-46a1-8b78-c5839f8a72e7', 'PR', 'Presentation State', 'Presentation State', 0, true, '2018-12-06 10:51:36', NULL, NULL, NULL),
('22de4d73-c907-465a-b7b1-c11705dc3fc5', 'MR', 'Magnetic Resonance', 'Magnetic Resonance', 0, true, '2018-12-06 10:51:36', NULL, NULL, NULL),
('287cf6eb-c724-4295-8897-e804ee271973', 'OPT', 'Ophthalmic Tomography', 'Ophthalmic Tomography', 0, true, '2018-12-06 10:51:36', NULL, NULL, NULL),
('302663d6-2763-437f-91c5-2b8113b7dfdf', 'KER', 'Keratometry', 'Keratometry', 0, true, '2018-12-06 10:51:36', NULL, NULL, NULL),
('3472235c-3cbc-4c0e-b20c-03fee6e9206a', 'SR', 'SR Document', 'SR Document', 0, true, '2018-12-06 10:51:36', NULL, NULL, NULL),
('359679ff-337d-4e27-ab3b-c64ea89a750a', 'OPV', 'Ophthalmic Visual Field', 'Ophthalmic Visual Field', 0, true, '2018-12-06 10:51:36', NULL, NULL, NULL),
('39d48fce-7a74-4c0f-a68d-483305c8ff91', 'ES', 'Endoscopy', 'Endoscopy', 0, true, '2018-12-06 10:51:36', NULL, NULL, NULL),
('3a3aace2-209b-4fab-b016-a7dd0e631baf', 'AU', 'Audio ', 'Audio ', 0, true, '2018-12-06 10:51:36', NULL, NULL, NULL),
('422ad5e6-402e-4034-9ef7-a182dc5d40ff', 'AR', 'Autorefraction ', 'Autorefraction ', 0, true, '2018-12-06 10:51:36', NULL, NULL, NULL),
('4a0456c3-88c8-4411-a844-b6284c3170d6', 'RTSTRUCT', 'Radiotherapy Structure Set ', 'Radiotherapy Structure Set ', 0, true, '2018-12-06 10:51:36', NULL, NULL, NULL),
('4a1805b4-91d6-4ba4-b490-16ae549d7ecd', 'RTDOSE', 'Radiotherapy Dose', 'Radiotherapy Dose', 0, true, '2018-12-06 10:51:36', NULL, NULL, NULL),
('4bf5a79d-0a82-4c59-96c8-719cc749303b', 'RTRECORD', 'RT Treatment Record', 'RT Treatment Record', 0, true, '2018-12-06 10:51:36', NULL, NULL, NULL),
('4fdf2338-302e-4331-b0af-d35d9d8bcd2d', 'ECG', 'Electrocardiography', 'Electrocardiography', 0, true, '2018-12-06 10:51:36', NULL, NULL, NULL),
('51980e1f-bf3c-41f0-a483-03cb0850fb6b', 'MG', 'Mammography', 'Mammography', 0, true, '2018-12-06 10:51:36', NULL, NULL, NULL),
('51e87ccb-4d94-4ade-8dec-936b435a72f0', 'PT', 'Positron emission tomography (PET)', 'Positron emission tomography (PET)', 0, true, '2018-12-06 10:51:36', NULL, NULL, NULL),
('51ff9a1a-dbcf-493a-ae68-e0684bd23ab4', 'PX', 'Panoramic X-Ray', 'Panoramic X-Ray', 0, true, '2018-12-06 10:51:36', NULL, NULL, NULL),
('5f95df55-6a74-4ff6-af56-0275ffef0c24', 'RG', 'Radiographic imaging (conventional film/screen)', 'Radiographic imaging (conventional film/screen)', 0, true, '2018-12-06 10:51:36', NULL, NULL, NULL),
('6471b1e0-2ec7-487d-83f2-30712cca1051', 'US', 'Ultrasound', 'Ultrasound', 0, true, '2018-12-06 10:51:36', NULL, NULL, NULL),
('69aafd36-1250-4c2f-b266-c09da48a99b8', 'OP', 'Ophthalmic Photography', 'Ophthalmic Photography', 0, true, '2018-12-06 10:51:36', NULL, NULL, NULL),
('6a71969e-039c-46c1-90ef-39e80648b44f', 'BMD', 'Bone Densitometry (X-Ray)', 'Bone Densitometry (X-Ray)', 0, true, '2018-12-06 10:51:36', NULL, NULL, NULL),
('6be07f14-85c3-4b4c-9c5f-85386a90168c', 'OT', 'Other', 'Other', 0, true, '2018-12-06 10:51:36', NULL, NULL, NULL),
('6e1dc6b9-4399-4cad-b727-c7a9e1d2e560', 'LS', 'Laser surface scan', 'Laser surface scan', 0, true, '2018-12-06 10:51:36', NULL, NULL, NULL),
('6fc79d40-2e0f-4346-9696-fdc57f6422f8', 'CR', 'Computed Radiography', 'Computed Radiography', 0, true, '2018-12-06 10:51:36', NULL, NULL, NULL),
('73d1b75e-ee1b-4777-a6d9-6720e29117f5', 'DG', 'Diaphanography', 'Diaphanography', 0, true, '2018-12-06 10:51:36', NULL, NULL, NULL),
('746209cf-ddf9-4d76-8c87-859f74036c0a', 'DX', 'Digital Radiography', 'Digital Radiography', 0, true, '2018-12-06 10:51:36', NULL, NULL, NULL),
('74ef13c9-df79-4237-9908-16bd67ef00cd', 'DOC', 'Document', 'Document', 0, true, '2018-12-06 10:51:36', NULL, NULL, NULL),
('7886a2fc-0c3c-4582-a485-91019133338f', 'KO', 'Key Object Selection', 'Key Object Selection', 0, true, '2018-12-06 10:51:36', NULL, NULL, NULL),
('85ce8250-abb3-43e4-992d-c3450d62a1ed', 'CT', 'Computed Tomography', 'Computed Tomography', 0, true, '2018-12-06 10:51:36', NULL, NULL, NULL),
('88e92182-ea75-4c1f-9c8c-98b09827bc19', 'RESP', 'Respiratory Waveform', 'Respiratory Waveform', 0, true, '2018-12-06 10:51:36', NULL, NULL, NULL),
('8bc2ae72-ae69-4d31-9663-155aba7a1180', 'LEN', 'Lensometry', 'Lensometry', 0, true, '2018-12-06 10:51:36', NULL, NULL, NULL),
('8d332fba-231d-4fe8-801e-298070f3228b', 'HC', 'Hard Copy', 'Hard Copy', 0, true, '2018-12-06 10:51:36', NULL, NULL, NULL),
('92fe4f7f-3a39-4fef-ac50-448fc9256acd', 'IVOCT', 'Intravascular Optical Coherence Tomography', 'Intravascular Optical Coherence Tomography', 0, true, '2018-12-06 10:51:36', NULL, NULL, NULL),
('980d62a9-68bf-4249-ba93-c25603dfd790', 'IO', 'Intra-oral Radiography', 'Intra-oral Radiography', 0, true, '2018-12-06 10:51:36', NULL, NULL, NULL),
('99529cef-9126-47ad-9c7f-a0144c47afe8', 'OAM', 'Ophthalmic Axial Measurements ', 'Ophthalmic Axial Measurements ', 0, true, '2018-12-06 10:51:36', NULL, NULL, NULL),
('9b77db4f-6dbf-45f3-97e3-5a1a0ac9f0b4', 'REG', 'Registration', 'Registration', 0, true, '2018-12-06 10:51:36', NULL, NULL, NULL),
('a3aa5d27-2695-460b-b915-cf14d0447111', 'XC', 'External-camera Photography', 'External-camera Photography', 0, true, '2018-12-06 10:51:36', NULL, NULL, NULL),
('a4d8b595-086c-4d80-9c69-6092a7c6c66c', 'RF', 'Radio Fluoroscopy', 'Radio Fluoroscopy', 0, true, '2018-12-06 10:51:36', NULL, NULL, NULL),
('a69a5875-5906-4da4-abc0-d4d7bcdfbe79', 'FID', 'Fiducials', 'Fiducials', 0, true, '2018-12-06 10:51:36', NULL, NULL, NULL),
('a88a8904-6c7a-492b-9b20-d2b8b3bc2f23', 'EPS', 'Cardiac Electrophysiology', 'Cardiac Electrophysiology', 0, true, '2018-12-06 10:51:36', NULL, NULL, NULL),
('a9234ecd-cd4e-40ab-980a-b3f067a0922a', 'OCT', 'Optical Coherence Tomography (non-Ophthalmic)', 'Optical Coherence Tomography (non-Ophthalmic)', 0, true, '2018-12-06 10:51:36', NULL, NULL, NULL),
('af1e903c-a171-45c9-b4aa-de2220bb4eb9', 'SRF', 'Subjective Refraction', 'Subjective Refraction', 0, true, '2018-12-06 10:51:36', NULL, NULL, NULL),
('b182e8a3-2c36-4690-808d-5c0a33ab7f8d', 'SEG', 'Segmentation', 'Segmentation', 0, true, '2018-12-06 10:51:36', NULL, NULL, NULL),
('c51ceffb-2b45-45de-9ccc-128fa7d48eb6', 'VA', 'Visual Acuity', 'Visual Acuity', 0, true, '2018-12-06 10:51:36', NULL, NULL, NULL),
('c65278ce-f0bf-4e99-8b70-2ab80047bef4', 'SMR', 'Stereometric Relationship', 'Stereometric Relationship', 0, true, '2018-12-06 10:51:36', NULL, NULL, NULL),
('d1ef35ff-bf8d-49be-b14b-5046dd2409d3', 'TG', 'Thermography', 'Thermography', 0, true, '2018-12-06 10:51:36', NULL, NULL, NULL),
('d837a7ac-5a7d-4e52-9e96-3044b020097d', 'RTIMAGE', 'Radiotherapy Image ', 'Radiotherapy Image ', 0, true, '2018-12-06 10:51:36', NULL, NULL, NULL),
('da6264e9-8d40-4ab7-afa7-8f1f1136ee6d', 'HD', 'Hemodynamic Waveform', 'Hemodynamic Waveform', 0, true, '2018-12-06 10:51:36', NULL, NULL, NULL),
('de9b2868-412a-4b0a-ad37-fde4d525ac23', 'IOL', 'Intraocular Lens Data', 'Intraocular Lens Data', 0, true, '2018-12-06 10:51:36', NULL, NULL, NULL),
('e32afe7c-b2a5-482c-b17e-b41e0ada0636', 'BDUS', 'Bone Densitometry (ultrasound)', 'Bone Densitometry (ultrasound)', 0, true, '2018-12-06 10:51:36', NULL, NULL, NULL),
('e580e782-3069-44f9-84db-7e4936642cb6', 'GM', 'General Microscopy', 'General Microscopy', 0, true, '2018-12-06 10:51:36', NULL, NULL, NULL),
('f6b01102-81ba-40c1-8b9b-aa870a4ccd30', 'IVUS', 'Intravascular Ultrasound', 'Intravascular Ultrasound', 0, true, '2018-12-06 10:51:36', NULL, NULL, NULL),
('fee1797c-27af-47ef-b2eb-048cf4d68012', 'RTPLAN', 'Radiotherapy Plan', 'Radiotherapy Plan', 0, true, '2018-12-06 10:51:36', NULL, NULL, NULL),
('ff389e44-6d79-4141-bb7d-e7e8afeea084', 'PLAN', 'Plan', 'Plan', 0, true, '2018-12-06 10:51:36', NULL, NULL, NULL);

--
-- Dumping data for table mst_equipment
--

INSERT INTO mst_equipment (equipment_uuid, equipment_id, equipment_number, equipment_name, equipment_model, equipment_version, software_version, manufacture, equipment_specification, equipment_description, "version", is_active, created_date, created_by, modified_date, modified_by, modality_uuid) VALUES
('01473db4-7abd-436a-8add-95e6601fa53c', NULL, NULL, 'Siemens Verio 3T 70cm big bore', NULL, NULL, NULL, 'Siemens', NULL, NULL, 0, true, '2018-12-06 11:14:08', NULL, NULL, NULL, '22de4d73-c907-465a-b7b1-c11705dc3fc5'),
('078635a1-a17b-48f9-aa2e-302eda2d079b', NULL, NULL, 'Siemens Somatom Definition AS 128', NULL, NULL, NULL, 'Siemens', NULL, NULL, 0, true, '2018-12-06 11:14:08', NULL, NULL, NULL, '85ce8250-abb3-43e4-992d-c3450d62a1ed'),
('0c0db6e6-9738-41dc-b1dc-528f392af029', NULL, NULL, 'Neurologica Portable CT Scanners', NULL, NULL, NULL, NULL, NULL, NULL, 0, true, '2018-12-06 11:14:08', NULL, NULL, NULL, '85ce8250-abb3-43e4-992d-c3450d62a1ed'),
('35b00a27-3daa-4a64-83cc-fe6883d18682', NULL, NULL, 'Philips 1.5 Tesla Integra', NULL, NULL, NULL, 'Philips', NULL, NULL, 0, true, '2018-12-06 11:14:08', NULL, NULL, NULL, '22de4d73-c907-465a-b7b1-c11705dc3fc5'),
('40a390cd-8959-4b5a-8fdf-438ec30a0418', NULL, NULL, 'Toshiba Aquilla 64', NULL, NULL, NULL, 'Toshiba', NULL, NULL, 0, true, '2018-12-06 11:14:08', NULL, NULL, NULL, '85ce8250-abb3-43e4-992d-c3450d62a1ed'),
('40f321f3-33cc-4017-84df-027cce00abb0', NULL, NULL, 'GE VCT 64 slice scanner', NULL, NULL, NULL, NULL, NULL, NULL, 0, true, '2018-12-06 11:14:08', NULL, NULL, NULL, '85ce8250-abb3-43e4-992d-c3450d62a1ed'),
('432db7d7-3dd9-44c6-938c-5b3e902eefe9', NULL, NULL, 'Philips 3 Tesla', NULL, NULL, NULL, 'Philips', NULL, NULL, 0, true, '2018-12-06 11:14:08', NULL, NULL, NULL, '22de4d73-c907-465a-b7b1-c11705dc3fc5'),
('5f372ad2-dd6c-4ae5-84d3-84be51764fa5', NULL, NULL, 'GE 3 Tesla Excite', NULL, NULL, NULL, NULL, NULL, NULL, 0, true, '2018-12-06 11:14:08', NULL, NULL, NULL, '22de4d73-c907-465a-b7b1-c11705dc3fc5'),
('60192811-de0c-4d13-a228-bb65544483b4', NULL, NULL, 'GE Lightspeed PRO 16 slice', NULL, NULL, NULL, NULL, NULL, NULL, 0, true, '2018-12-06 11:14:08', NULL, NULL, NULL, '85ce8250-abb3-43e4-992d-c3450d62a1ed'),
('63f21ed0-24dd-43a7-ad00-f330eb8986f7', NULL, NULL, 'Philips Brilliance 64 slice canner', NULL, NULL, NULL, 'Philips', NULL, NULL, 0, true, '2018-12-06 11:14:08', NULL, NULL, NULL, '85ce8250-abb3-43e4-992d-c3450d62a1ed'),
('6931cd25-f734-4ec1-b7b8-bb6bd5765a16', NULL, NULL, 'GE 1.5 Tesla Excite', NULL, NULL, NULL, NULL, NULL, NULL, 0, true, '2018-12-06 11:14:08', NULL, NULL, NULL, '22de4d73-c907-465a-b7b1-c11705dc3fc5'),
('6b19d5c4-8b65-413d-957c-21eec9b2b7ef', NULL, NULL, 'Siemens Somatom Sensation 40', NULL, NULL, NULL, 'Siemens', NULL, NULL, 0, true, '2018-12-06 11:14:08', NULL, NULL, NULL, '85ce8250-abb3-43e4-992d-c3450d62a1ed'),
('7cf5a0a3-4fa7-4499-bd6a-2b58527bb461', NULL, NULL, 'Philips 3T', NULL, NULL, NULL, 'Philips', NULL, NULL, 0, true, '2018-12-06 11:14:08', NULL, NULL, NULL, '22de4d73-c907-465a-b7b1-c11705dc3fc5'),
('8f40e7c8-7ace-4133-a6b3-b608cdd01a55', NULL, NULL, 'Siemens Somatom Sensation 64', NULL, NULL, NULL, 'Siemens', NULL, NULL, 0, true, '2018-12-06 11:14:08', NULL, NULL, NULL, '85ce8250-abb3-43e4-992d-c3450d62a1ed'),
('976f33f3-d433-4edf-8626-e698e9982d08', NULL, NULL, 'GE Lightspeed Ultra 8', NULL, NULL, NULL, NULL, NULL, NULL, 0, true, '2018-12-06 11:14:08', NULL, NULL, NULL, '85ce8250-abb3-43e4-992d-c3450d62a1ed'),
('993766c0-15a6-4937-b907-a911473f11d0', NULL, NULL, 'GE Lightspeed 16 slice', NULL, NULL, NULL, NULL, NULL, NULL, 0, true, '2018-12-06 11:14:08', NULL, NULL, NULL, '85ce8250-abb3-43e4-992d-c3450d62a1ed'),
('9c406273-f9e9-48b5-b777-6869eb924273', NULL, NULL, 'GE 1.5 Signa', NULL, NULL, NULL, NULL, NULL, NULL, 0, true, '2018-12-06 11:14:08', NULL, NULL, NULL, '22de4d73-c907-465a-b7b1-c11705dc3fc5'),
('a92f5328-cba5-438f-b0d2-18a81d4497d7', NULL, NULL, 'GE Excite HD 1.5T', NULL, NULL, NULL, NULL, NULL, NULL, 0, true, '2018-12-06 11:14:08', NULL, NULL, NULL, '22de4d73-c907-465a-b7b1-c11705dc3fc5'),
('ab3d4556-52f5-464b-a01d-fff087c43ff3', NULL, NULL, 'GE Lightspeed', NULL, NULL, NULL, NULL, NULL, NULL, 0, true, '2018-12-06 11:14:08', NULL, NULL, NULL, '85ce8250-abb3-43e4-992d-c3450d62a1ed'),
('bc05819f-c600-45b0-aac2-3757415b926a', NULL, NULL, 'GE Lightspeed 16 slice scanner', NULL, NULL, NULL, NULL, NULL, NULL, 0, true, '2018-12-06 11:14:08', NULL, NULL, NULL, '85ce8250-abb3-43e4-992d-c3450d62a1ed'),
('e0a9e543-5e74-4c1d-aa13-8ccc08f9da66', NULL, NULL, 'GE 1.5 Tesla Signa Excite', NULL, NULL, NULL, NULL, NULL, NULL, 0, true, '2018-12-06 11:14:08', NULL, NULL, NULL, '22de4d73-c907-465a-b7b1-c11705dc3fc5');

--
-- Dumping data for table mst_healthcare_type
--

INSERT INTO mst_healthcare_type (healthcare_type_uuid, healthcare_type_code, healthcare_type_name, healthcare_type_description, "version", is_active, created_date, created_by, modified_date, modified_by) VALUES
('0023d182-b424-4f1c-ae70-8b79404ccadb', 'MAGNETIC.RESONANCE.IMAGING', 'Magnetic Resonance Imaging', 'Uses magnetic resonance and radiofrequency pulses for static, dynamic and function imaging.[39]', 0, true, '2018-12-06 11:42:54', NULL, NULL, NULL),
('19d3690e-95a5-4027-90f8-aa9f94b2ca23', 'SURGICAL', 'Surgical/Theatre Radiography', 'Images anatomy and related pathology during surgical procedures', 0, true, '2018-12-06 11:42:54', NULL, NULL, NULL),
('2c7b3ffd-a541-494a-8d39-d2c38d6d42d7', 'ECHOCARDIOGRAPHY', 'Echocardiography', 'Utilises 2D, 3D and Doppler Sonography to image the heart.', 0, true, '2018-12-06 11:42:54', NULL, NULL, NULL),
('43d8b3b9-7430-4807-a356-a0bf5879095c', 'ANGIOGRAPHY', 'Angiography/Venography', 'Imaging of the cardiovascular system, may be diagnostic or therapeutic in nature. Is utilised under the specialities of Interventional radiology and/or cardiology within a Cath Lab (Catheterisation Laboratory).', 0, true, '2018-12-06 11:42:54', NULL, NULL, NULL),
('6b8fa8fa-4848-49a0-8a1a-fb3fd96ae39e', 'DIAGNOSTIC.RADIOGRAPHY', 'Diagnostic Radiography', 'Utilises ionising radiation in the examination of internal organs, bones, cavities and foreign objects.', 0, true, '2018-12-06 11:42:54', NULL, NULL, NULL),
('7fe6c452-6461-4832-a5d1-8db9ac494a17', 'COMPUTED.TOMOGRAPHY', 'Computed Tomography', 'Provides cross-sectional views (slices) of the body; can also reconstruct additional images from those taken to provide more information in either 2D or pseudo-3D.', 0, true, '2018-12-06 11:42:54', NULL, NULL, NULL),
('92b853ec-2ce5-47fe-895b-32911683c66a', 'NUCLEAR.MEDICINE', 'Nuclear Medicine (NM)/Radionuclide Imaging (RNI)', 'Uses radioactive tracers which can be administered to examine how the body and organs function. Certain radioisotopes can also be administered to treat certain cancers, such as thyroid cancer.', 0, true, '2018-12-06 11:42:54', NULL, NULL, NULL),
('aa58a51e-d5e4-489e-9de5-5967802b59b4', 'SONOGRAPHY', 'Sonography/Ultrasonography', 'Images anatomy and related pathology (such as cancer or cardiopulmonary diseases) using ultrasound waves. Obstetric ultrasonography is the use of ultrasonography to track the course of a pregnancy and detect certain embryonic or fetal malformations or diseases, which may be genetic and/or hereditary in nature. Gynecologic ultrasonography deals with imaging diseases or defects or abnormalities of the female genital and reproductive organs (ovaries, fallopian tubes, vagina, uterus, cervix, clitoris, labia, and breasts).', 0, true, '2018-12-06 11:42:54', NULL, NULL, NULL),
('ab15acea-5e02-477e-8264-b962ba3ce300', 'FLUOROSCOPY', 'Fluoroscopy', 'Utilises continuous and/or pulses of ionising radiation to visualise the various systems of in the body over period of time. Often used in monitoring a bolus or contrast agent in order to highlight vessels and organs, or to position devices within the body (such as pacemakers, guidewires, stents, etc.).', 0, true, '2018-12-06 11:42:54', NULL, NULL, NULL),
('ef2a4055-8c45-478c-9f4d-2cb19fa884e0', 'MAMMOGRAPHY', 'Mammography/Breast Radiography', 'Uses low dose ionising radiation systems to produce images for the diagnosis and/or staging of breast disease, primarily breast cancer.', 0, true, '2018-12-06 11:42:54', NULL, NULL, NULL);

--
-- Dumping data for table mst_healthcare
--

INSERT INTO mst_healthcare (healthcare_uuid, healthcare_code, healthcare_name, healthcare_description, "version", is_active, created_date, created_by, modified_date, modified_by, healthcare_type_uuid) VALUES
('01ee93ea-0b5f-4038-b3c0-3bb55723318f', 'NEURORADIOGRAPHER', 'Neuroradiographer', NULL, 0, true, '2018-12-06 11:52:20', NULL, NULL, NULL, '0023d182-b424-4f1c-ae70-8b79404ccadb'),
('0500682c-0a12-43c2-9d08-e542663b56f4', 'SONOGRAPHER', 'Sonographer', NULL, 0, true, '2018-12-06 11:52:20', NULL, NULL, NULL, 'aa58a51e-d5e4-489e-9de5-5967802b59b4'),
('0623dbab-89a1-4ed3-bedc-f22d7ecf754c', 'ULTRASONOGRAPHER', 'Ultrasonographer', NULL, 0, true, '2018-12-06 11:52:20', NULL, NULL, NULL, '2c7b3ffd-a541-494a-8d39-d2c38d6d42d7'),
('09d4d7be-df53-4b57-9533-3514b1300014', 'MAMMOGRAPHER', 'Mammographer', NULL, 0, true, '2018-12-06 11:52:20', NULL, NULL, NULL, 'ef2a4055-8c45-478c-9f4d-2cb19fa884e0'),
('0d1c866f-5b63-41f3-9870-bacb9c550ee2', 'NUCLEAR.MEDICINE.TECHNOLOGIST', 'Nuclear Medicine Technologist', NULL, 0, true, '2018-12-06 11:52:20', NULL, NULL, NULL, '92b853ec-2ce5-47fe-895b-32911683c66a'),
('11df97aa-5f9a-4874-8d88-9ef10097680c', 'RADIOLOGIC.TECHNOLOGIST', 'Radiologic Technologist', NULL, 0, true, '2018-12-06 11:52:20', NULL, NULL, NULL, '6b8fa8fa-4848-49a0-8a1a-fb3fd96ae39e'),
('130f237e-a69d-4128-be8f-b0b6769f5a2b', 'CT.TECHNOLOGIST', 'CT Technologist', NULL, 0, true, '2018-12-06 11:52:20', NULL, NULL, NULL, '7fe6c452-6461-4832-a5d1-8db9ac494a17'),
('1f824bcc-4c97-4392-86de-5dd749b9bc9f', 'MR.TECHNOLOGIST', 'MR Technologist', NULL, 0, true, '2018-12-06 11:52:20', NULL, NULL, NULL, '0023d182-b424-4f1c-ae70-8b79404ccadb'),
('32ee42f1-67d6-4572-9555-6e6b0d7a1495', 'SURGICAL.RADIOGRAPHER', 'Surgical Radiographer', NULL, 0, true, '2018-12-06 11:52:20', NULL, NULL, NULL, '19d3690e-95a5-4027-90f8-aa9f94b2ca23'),
('3458bbdd-ea24-4d8f-8db6-0c6a5401a51a', 'MAMMOGRAPHY.TECHNOLOGIST', 'Mammography Technologist', NULL, 0, true, '2018-12-06 11:52:20', NULL, NULL, NULL, 'ef2a4055-8c45-478c-9f4d-2cb19fa884e0'),
('3b02931c-3139-4718-88f8-9a45ff8079a0', 'FLUOROSCOPY.TECHNOLOGIST', 'Fluoroscopy Technologist', NULL, 0, true, '2018-12-06 11:52:20', NULL, NULL, NULL, 'ab15acea-5e02-477e-8264-b962ba3ce300'),
('4852236b-89d2-4771-a267-3a039524127b', 'ULTRASOUND.RADIOGRAPHER', 'Ultrasound Radiographer', NULL, 0, true, '2018-12-06 11:52:20', NULL, NULL, NULL, 'aa58a51e-d5e4-489e-9de5-5967802b59b4'),
('48d5609d-6eed-496f-a7ef-440df75cd8f1', 'NUCLEAR.MEDICINE.RADIOGRAPHER', 'Nuclear Medicine Radiographer', NULL, 0, true, '2018-12-06 11:52:20', NULL, NULL, NULL, '92b853ec-2ce5-47fe-895b-32911683c66a'),
('4ddddb28-bc5b-470e-b7b0-4ffb9ad0ebca', 'MAMMOGRAPHIC.TECHNOLOGIST', 'Mammographic Technologist', NULL, 0, true, '2018-12-06 11:52:20', NULL, NULL, NULL, 'ef2a4055-8c45-478c-9f4d-2cb19fa884e0'),
('4f5d977e-35c7-4842-9737-9bd6c945a010', 'SURGICAL.TECHNOLOGIST', 'Surgical Technologist', NULL, 0, true, '2018-12-06 11:52:20', NULL, NULL, NULL, '19d3690e-95a5-4027-90f8-aa9f94b2ca23'),
('514e19dd-3955-4f22-97a0-a6abdf8ad37e', 'FLUOROSCOPER', 'Fluoroscoper', NULL, 0, true, '2018-12-06 11:52:20', NULL, NULL, NULL, 'ab15acea-5e02-477e-8264-b962ba3ce300'),
('53564c13-9da0-4e04-9bab-77809505438c', 'RNI.RADIOGRAPHER', 'RNI Radiographer', NULL, 0, true, '2018-12-06 11:52:20', NULL, NULL, NULL, '92b853ec-2ce5-47fe-895b-32911683c66a'),
('53bf0b40-1738-47bb-aac5-2fc8e11b32d6', 'CT.RADIOGRAPHER', 'CT Radiographer', NULL, 0, true, '2018-12-06 11:52:20', NULL, NULL, NULL, '7fe6c452-6461-4832-a5d1-8db9ac494a17'),
('55efd3e2-f1fd-4ef0-b61e-8a0c2e7ab820', 'MAMMOGRAPHIC.RADIOGRAPHER', 'Mammographic Radiographer', NULL, 0, true, '2018-12-06 11:52:20', NULL, NULL, NULL, 'ef2a4055-8c45-478c-9f4d-2cb19fa884e0'),
('57c75a27-49d2-4fae-be7f-331c3ff2aaf8', 'MAMMOGRAPHY.RADIOGRAPHER', 'Mammography Radiographer', NULL, 0, true, '2018-12-06 11:52:20', NULL, NULL, NULL, 'ef2a4055-8c45-478c-9f4d-2cb19fa884e0'),
('63d3e30f-69ad-471c-95be-bd8a63fd1397', 'ANGIOGRAPHER', 'Angiographer', NULL, 0, true, '2018-12-06 11:52:20', NULL, NULL, NULL, '43d8b3b9-7430-4807-a356-a0bf5879095c'),
('8c4d0d9e-c8f7-466c-bcc9-affa45a12d5d', 'SONOGRAPHER', 'Sonographer', NULL, 0, true, '2018-12-06 11:52:20', NULL, NULL, NULL, '2c7b3ffd-a541-494a-8d39-d2c38d6d42d7'),
('919850c3-e6b8-4ba8-bdf1-a6ea7dc6a411', 'FLUOROSCOPY.RADIOGRAPHER', 'Fluoroscopy Radiographer', NULL, 0, true, '2018-12-06 11:52:20', NULL, NULL, NULL, 'ab15acea-5e02-477e-8264-b962ba3ce300'),
('96817beb-778a-484f-82e2-9963255ba1f9', 'THEATRE.RADIOGRAPHER', 'Theatre Radiographer', NULL, 0, true, '2018-12-06 11:52:20', NULL, NULL, NULL, '19d3690e-95a5-4027-90f8-aa9f94b2ca23'),
('a9ee0306-2cbf-4932-9873-b3453a052b8f', 'RNI.TECHNOLOGIST', 'RNI Technologist', NULL, 0, true, '2018-12-06 11:52:20', NULL, NULL, NULL, '92b853ec-2ce5-47fe-895b-32911683c66a'),
('ac53e261-0a7f-4016-952b-c5b47a273ca7', 'NEURORADIOGRAPHER', 'Neuroradiographer', NULL, 0, true, '2018-12-06 11:52:20', NULL, NULL, NULL, '7fe6c452-6461-4832-a5d1-8db9ac494a17'),
('afa78064-5c58-4334-9a46-72e39015163b', 'ANGIOGRAPHY.TECHNOLOGIST', 'Angiography Technologist', NULL, 0, true, '2018-12-06 11:52:20', NULL, NULL, NULL, '43d8b3b9-7430-4807-a356-a0bf5879095c'),
('b0ce68c5-81f1-4f0b-9608-fe328508725a', 'TRAUMA.ORTHOPAEDICS', 'Trauma & Orthopaedics (T&O) Radiographer', NULL, 0, true, '2018-12-06 11:52:20', NULL, NULL, NULL, '19d3690e-95a5-4027-90f8-aa9f94b2ca23'),
('b4d8ed9f-a6f2-48c5-8eee-024108d328b3', 'DIAGNOSTIC.RADIOGRAPHER', 'Diagnostic Radiographer', NULL, 0, true, '2018-12-06 11:52:20', NULL, NULL, NULL, '6b8fa8fa-4848-49a0-8a1a-fb3fd96ae39e'),
('bb90ed6c-0008-49ee-a159-46122228aaf9', 'ULTRASONOGRAPHER', 'Ultrasonographer', NULL, 0, true, '2018-12-06 11:52:20', NULL, NULL, NULL, 'aa58a51e-d5e4-489e-9de5-5967802b59b4'),
('c9db64a3-fcc4-474a-b35e-c8003cec00a6', 'ULTRASOUND.TECHNOLOGIST', 'Ultrasound Technologist', NULL, 0, true, '2018-12-06 11:52:20', NULL, NULL, NULL, '2c7b3ffd-a541-494a-8d39-d2c38d6d42d7'),
('d01dcbf6-9170-44fd-840b-a930cebaf3c5', 'RADIOGRAPHER', 'Radiographer', NULL, 0, true, '2018-12-06 11:52:20', NULL, NULL, NULL, '6b8fa8fa-4848-49a0-8a1a-fb3fd96ae39e'),
('d17e6ef5-7b88-4fbe-b771-1bd1bb72287e', 'MR.RADIOGRAPHER', 'MR Radiographer', NULL, 0, true, '2018-12-06 11:52:20', NULL, NULL, NULL, '0023d182-b424-4f1c-ae70-8b79404ccadb'),
('d2cc0f97-4440-44ec-bf9f-1c91820c755a', 'FLUOROSCOPIC.RADIOGRAPHER', 'Fluoroscopic Radiographer', NULL, 0, true, '2018-12-06 11:52:20', NULL, NULL, NULL, 'ab15acea-5e02-477e-8264-b962ba3ce300'),
('db5d142a-5aed-40fb-9442-701fe2007541', 'ULTRASOUND.RADIOGRAPHER', 'Ultrasound Radiographer', NULL, 0, true, '2018-12-06 11:52:20', NULL, NULL, NULL, '2c7b3ffd-a541-494a-8d39-d2c38d6d42d7'),
('e0178415-e7ae-4783-a3f3-4267106da190', 'FLUOROSCOPIC.TECHNOLOGIST', 'Fluoroscopic Technologist', NULL, 0, true, '2018-12-06 11:52:20', NULL, NULL, NULL, 'ab15acea-5e02-477e-8264-b962ba3ce300'),
('e0a91161-f7db-4e3f-94fa-bd30cd37a0b1', 'ULTRASOUND.TECHNOLOGIST', 'Ultrasound Technologist', NULL, 0, true, '2018-12-06 11:52:20', NULL, NULL, NULL, 'aa58a51e-d5e4-489e-9de5-5967802b59b4'),
('f5580111-be17-473d-9297-83beea726ec1', 'ANGIGOGRAPHIC.TECHNOLOGIST', 'Angigographic Technologist', NULL, 0, true, '2018-12-06 11:52:20', NULL, NULL, NULL, '43d8b3b9-7430-4807-a356-a0bf5879095c'),
('f6749b72-8906-422f-a458-ee5de5fd6ee2', 'THEATRE.TECHNOLOGIST', 'Theatre Technologist', NULL, 0, true, '2018-12-06 11:52:20', NULL, NULL, NULL, '19d3690e-95a5-4027-90f8-aa9f94b2ca23');

--
-- Dumping data for table mst_polyclinic
--

INSERT INTO mst_polyclinic (polyclinic_uuid, polyclinic_code, polyclinic_name, polyclinic_description, is_leaf, "level", ordering, ordering_str, "version", is_active, created_date, created_by, modified_date, modified_by, parent_uuid) VALUES
('156a57f0-c105-4a6e-8156-9464668483d9', 'GENERAL.SURGERY', 'General Surgery', 'General Surgery', false, 2, 0, '001.003.000', 0, true, '2018-12-05 14:15:20', NULL, NULL, NULL, 'd22372df-74da-4133-a49a-a2fd2d0bb96e'),
('21b7d99d-c873-4f4c-9d3b-a0352f377b9b', 'OBSTERIC.GYNAECOLOGY.CLINIC', 'Obsteric & Gynaecology Clinic', 'Obsteric & Gynaecology Clinic', false, 1, 2, '001.002', 0, true, '2018-12-05 13:57:51', NULL, NULL, NULL, NULL),
('2a66903c-03b5-43e5-bbbe-61c697f93462', 'NUTRITION.CLINIC', 'Nutrition Clinic', 'Nutrition Clinic', false, 1, 9, '001.009', 0, true, '2018-12-05 13:57:51', NULL, NULL, NULL, NULL),
('37e07383-4eca-459b-af5d-110675fab90e', 'SPECIALIST.CLINIC', 'Specialist Clinic', 'Specialist Clinic', true, 0, 1, '001', 0, true, '2018-12-05 13:50:03', NULL, NULL, NULL, NULL),
('3d31e0c0-9854-4e11-83fc-929706dcb33a', 'NEUROSCIENCE.CLINIC', 'Neuroscience Clinic', 'Neuroscience Clinic', false, 1, 4, '001.004', 0, true, '2018-12-05 13:57:51', NULL, NULL, NULL, NULL),
('4973e9f2-e513-4a8c-99c4-9fd99c866a30', 'NEPHROLOGY', 'Nephrology', 'Nephrology', false, 2, 0, '001.001.000', 0, true, '2018-12-05 14:00:45', NULL, NULL, NULL, '9790f276-1ad8-446d-b337-d936935b8251'),
('58360613-490c-4308-aa89-3c13164d2703', 'UROLOGY.SURGERY', 'Urology Surgery', 'Urology Surgery', false, 2, 4, '001.003.004', 0, true, '2018-12-05 14:15:20', NULL, NULL, NULL, 'd22372df-74da-4133-a49a-a2fd2d0bb96e'),
('795304dc-c3a2-4e8a-9d25-13e2821e00f0', 'EYE.CLINIC', 'Eye Clinic', 'Eye Clinic', false, 1, 7, '001.007', 0, true, '2018-12-05 13:57:51', NULL, NULL, NULL, NULL),
('798d9105-6ee7-4fd8-adca-7f34bdbec667', 'NEURO.SURGERY', 'Neuro Surgery', 'Neuro Surgery', false, 2, 1, '001.003.001', 0, true, '2018-12-05 14:15:20', NULL, NULL, NULL, 'd22372df-74da-4133-a49a-a2fd2d0bb96e'),
('8bc831e8-18f0-4eeb-9593-db0437264ec4', 'GENERAL.CLINIC', 'General Clinic', 'General Clinic', true, 0, 0, '000', 0, true, '2018-12-05 13:50:03', NULL, NULL, NULL, NULL),
('918ae698-083b-4498-aea9-d59f34b23fd0', 'PSYCHOLOGY.CLINIC', 'Psychology Clinic', 'Psychology Clinic', false, 1, 6, '001.006', 0, true, '2018-12-05 13:57:51', NULL, NULL, NULL, NULL),
('977035a7-4c17-4b18-8a60-4b64102a3c1c', 'DIGESTIVE.SURGERY', 'Digestive Surgery', 'Digestive Surgery', false, 2, 2, '001.003.002', 0, true, '2018-12-05 14:15:20', NULL, NULL, NULL, 'd22372df-74da-4133-a49a-a2fd2d0bb96e'),
('9790f276-1ad8-446d-b337-d936935b8251', 'INTERNAL.MEDICINE.CLINIC', 'Internal Medicine Clinic', 'Internal Medicine Clinic', false, 1, 1, '001.001', 0, true, '2018-12-05 13:52:36', NULL, NULL, NULL, '37e07383-4eca-459b-af5d-110675fab90e'),
('9d99ed07-d089-4882-94e6-d563d3b9b1de', 'PAEDIATRIC.SURGERY', 'Paediatric Surgery', 'Paediatric Surgery', false, 2, 3, '001.003.003', 0, true, '2018-12-05 14:15:20', NULL, NULL, NULL, 'd22372df-74da-4133-a49a-a2fd2d0bb96e'),
('ada5bb12-6d2e-4649-820d-224b4ab24c81', 'PSYCHIATRY.CLINIC', 'Psychiatry Clinic', 'Psychiatry Clinic', false, 1, 5, '001.005', 0, true, '2018-12-05 13:57:51', NULL, NULL, NULL, NULL),
('c4a7a5a7-78e1-4974-ad5e-b5559c451f63', 'PULMONARY.CLINIC', 'Pulmonary Clinic', 'Pulmonary Clinic', false, 1, 10, '001.010', 0, true, '2018-12-05 13:57:51', NULL, NULL, NULL, NULL),
('d22372df-74da-4133-a49a-a2fd2d0bb96e', 'SURGERY.CLINIC', 'Surgery Clinic', 'Surgery Clinic', false, 1, 3, '001.003', 0, true, '2018-12-05 13:57:51', NULL, NULL, NULL, NULL),
('def2dbea-6ac3-4077-af3a-e60c8075a100', 'ENT.CLINIC', 'ENT Clinic', 'ENT Clinic', false, 1, 8, '001.008', 0, true, '2018-12-05 13:57:51', NULL, NULL, NULL, NULL),
('e1feae48-6ea9-4669-a400-0840d0b64912', 'PAEDIATRIC.CLINIC', 'Paediatric Clinic', 'Paediatric Clinic', false, 1, 0, '001.000', 0, true, '2018-12-05 13:52:36', NULL, NULL, NULL, '37e07383-4eca-459b-af5d-110675fab90e'),
('f1eec631-1457-4edd-8bec-5dc84e87aba3', 'GASTROENTEROLOGY', 'Gastroenterology', 'Gastroenterology', false, 2, 1, '001.001.001', 0, true, '2018-12-05 14:00:45', NULL, NULL, NULL, '9790f276-1ad8-446d-b337-d936935b8251'),
('f366809a-6531-45c2-83b9-6541d4be267d', 'ENDOCRINOLOGY', 'Endocrinology', 'Endocrinology', false, 2, 2, '001.001.002', 0, true, '2018-12-05 14:00:45', NULL, NULL, NULL, '9790f276-1ad8-446d-b337-d936935b8251');

--
-- Dumping data for table mst_polyclinic_i18n
--

INSERT INTO mst_polyclinic_i18n (polyclinic_i18n_uuid, polyclinic_uuid, locale_code, polyclinic_i18n_name, polyclinic_i18n_description, "version", is_active, created_date, created_by, modified_date, modified_by) VALUES
('075c0385-c625-471b-95cc-a3d8b8ca0b09', '795304dc-c3a2-4e8a-9d25-13e2821e00f0', 'id-ID', 'Klinik Mata', 'Klinik Mata', 0, true, '2018-12-05 14:42:17', NULL, NULL, NULL),
('109ea82b-0cf3-4f3f-bbdb-0fc378eeda0e', '37e07383-4eca-459b-af5d-110675fab90e', 'id-ID', 'Klinik Spesialis', 'Klinik Spesialis', 0, true, '2018-12-05 14:42:17', NULL, NULL, NULL),
('10cf1415-e0c7-454a-8eea-4f98f7f074ab', 'e1feae48-6ea9-4669-a400-0840d0b64912', 'id-ID', 'Klinik Anak', 'Klinik Anak', 0, true, '2018-12-05 14:42:17', NULL, NULL, NULL),
('11de9154-b58d-4f74-8f21-db0943863508', '2a66903c-03b5-43e5-bbbe-61c697f93462', 'id-ID', 'Klinik Gizi', 'Klinik Gizi', 0, true, '2018-12-05 14:42:17', NULL, NULL, NULL),
('29c7909f-6f98-460e-a527-8d316c01451c', '918ae698-083b-4498-aea9-d59f34b23fd0', 'id-ID', 'Klinik Psikologi', 'Klinik Psikologi', 0, true, '2018-12-05 14:42:17', NULL, NULL, NULL),
('4238a8bb-a289-41c0-9c5f-cdbf59b53c6f', '9d99ed07-d089-4882-94e6-d563d3b9b1de', 'id-ID', 'Bedah Anak', 'Bedah Anak', 0, true, '2018-12-05 14:42:17', NULL, NULL, NULL),
('48b848b1-b4f6-4aa4-9221-26d61939a148', '58360613-490c-4308-aa89-3c13164d2703', 'id-ID', 'Bedah Saluran Kemih – ESWL', 'Bedah Saluran Kemih – ESWL', 0, true, '2018-12-05 14:42:17', NULL, NULL, NULL),
('4d56883e-6f57-4354-a0ab-f9998f018f56', '798d9105-6ee7-4fd8-adca-7f34bdbec667', 'id-ID', 'Bedah Saraf', 'Bedah Saraf', 0, true, '2018-12-05 14:42:17', NULL, NULL, NULL),
('52649521-9603-4e3e-9517-26de1f4fd7a8', 'c4a7a5a7-78e1-4974-ad5e-b5559c451f63', 'id-ID', 'Klinik Paru', 'Klinik Paru', 0, true, '2018-12-05 14:42:17', NULL, NULL, NULL),
('58e5d96c-f213-4a71-91fb-899dc4703a96', '977035a7-4c17-4b18-8a60-4b64102a3c1c', 'id-ID', 'Bedah Saluran Cerna & Hati', 'Bedah Saluran Cerna & Hati', 0, true, '2018-12-05 14:42:17', NULL, NULL, NULL),
('637b40fb-60f6-41b7-b855-9723d5ad0fc1', '9790f276-1ad8-446d-b337-d936935b8251', 'id-ID', 'Klinik Penyakit Dalam', 'Klinik Penyakit Dalam', 0, true, '2018-12-05 14:42:17', NULL, NULL, NULL),
('805f9b01-c348-4dbf-9288-f752c670aa31', '4973e9f2-e513-4a8c-99c4-9fd99c866a30', 'id-ID', 'Nephrology', 'Nephrology', 0, true, '2018-12-05 14:42:17', NULL, NULL, NULL),
('b0c76231-61a8-4ab2-930b-344e04ab7517', 'def2dbea-6ac3-4077-af3a-e60c8075a100', 'id-ID', 'Klinik THT', 'Klinik THT', 0, true, '2018-12-05 14:42:17', NULL, NULL, NULL),
('b20d7ebb-850c-4bc9-88c3-3aa20133952f', 'f1eec631-1457-4edd-8bec-5dc84e87aba3', 'id-ID', 'Endocrinology', 'Endocrinology', 0, true, '2018-12-05 14:42:17', NULL, NULL, NULL),
('b8cf4338-2b1c-4c6e-869e-49b8e7414f88', '21b7d99d-c873-4f4c-9d3b-a0352f377b9b', 'id-ID', 'Klinik Kebidanan & Kandungan', 'Klinik Kebidanan & Kandungan', 0, true, '2018-12-05 14:42:17', NULL, NULL, NULL),
('bd5200b8-0f96-4157-976e-8a77a8232990', '3d31e0c0-9854-4e11-83fc-929706dcb33a', 'id-ID', 'Klinik Penyakit Saraf', 'Klinik Penyakit Saraf', 0, true, '2018-12-05 14:42:17', NULL, NULL, NULL),
('c7c7206b-ba4c-4b69-9d9b-dbef6ea480cf', '156a57f0-c105-4a6e-8156-9464668483d9', 'id-ID', 'Bedah Umum', 'Bedah Umum', 0, true, '2018-12-05 14:42:17', NULL, NULL, NULL),
('d88d37ca-3e98-4492-a7c9-46ace05cce56', 'd22372df-74da-4133-a49a-a2fd2d0bb96e', 'id-ID', 'Klinik Bedah', 'Klinik Bedah', 0, true, '2018-12-05 14:42:17', NULL, NULL, NULL),
('e31834e6-6e17-47ba-835d-dd0a84314045', 'f366809a-6531-45c2-83b9-6541d4be267d', 'id-ID', 'Gastroenterology', 'Gastroenterology', 0, true, '2018-12-05 14:42:17', NULL, NULL, NULL),
('e91dc40b-435b-4c26-a725-70c441644b49', '8bc831e8-18f0-4eeb-9593-db0437264ec4', 'id-ID', 'Klinik Umum', 'Klinik Umum', 0, true, '2018-12-05 14:42:17', NULL, NULL, NULL),
('fc0f66f7-f032-4e5f-a1e2-132921c1ba95', 'ada5bb12-6d2e-4649-820d-224b4ab24c81', 'id-ID', 'Klinik Kesehatan Jiwa', 'Klinik Kesehatan Jiwa', 0, true, '2018-12-05 14:42:17', NULL, NULL, NULL);

--
-- Dumping data for table mst_r_country_currency
--

--
-- Dumping data for table sec_menu
--

INSERT INTO sec_menu (menu_uuid, title, url, "level", ordering, ordering_str, icon, is_leaf, is_home, is_group, "version", is_active, created_date, created_by, modified_date, modified_by, parent_uuid) VALUES
('b9029fd3-44cd-479c-965d-a8da1bfb20eb', 'Dashboard', '/app/dashboard', 0, 0, '000', 'nb-home', false, true, false, 0, true, '2018-12-04 13:35:36', NULL, NULL, NULL, NULL),
('77687148-0cda-4a4a-96f1-900cd986c326', 'Module PACS', '#', 0, 1, '001', NULL, false, false, true, 0, true, '2018-12-04 13:35:36', NULL, NULL, NULL, NULL),
('5f4872f1-627e-4789-adf7-dc6db3884267', 'DICOM Viewer', '#', 0, 2, '002', 'nb-keypad', false, false, false, 0, true, '2018-12-04 13:35:36', NULL, NULL, NULL, NULL),
('079f7d96-8ef9-40d5-ab1a-0f6641e3e8cf', 'Archive', '/app/pacs/archive', 1, 0, '002.000', NULL, false, false, false, 0, true, '2018-12-04 13:35:36', NULL, NULL, NULL, '5f4872f1-627e-4789-adf7-dc6db3884267'),
('0019a3e6-86ed-46d4-b6b2-e9525385c65f', 'Upload', '/app/pacs/upload', 1, 1, '002.001', NULL, false, false, false, 0, true, '2018-12-04 13:35:36', NULL, NULL, NULL, '5f4872f1-627e-4789-adf7-dc6db3884267');

--
-- Dumping data for table sec_menu_i18n
--

INSERT INTO sec_menu_i18n (menu_i18n_uuid, menu_uuid, locale_code, title, "version", is_active, created_date, created_by, modified_date, modified_by) VALUES
('8edd8eaa-c665-4d81-ab41-49a61df686ba', 'b9029fd3-44cd-479c-965d-a8da1bfb20eb', 'id-ID', 'Beranda', 0, true, '2018-12-04 13:37:15', NULL, NULL, NULL),
('e0498589-37f3-4bd2-8116-9f2713abe051', '77687148-0cda-4a4a-96f1-900cd986c326', 'id-ID', 'Modul PACS', 0, true, '2018-12-04 13:37:15', NULL, NULL, NULL),
('f143dd3b-ec59-401f-9796-c7c9d253db04', '5f4872f1-627e-4789-adf7-dc6db3884267', 'id-ID', 'Tampilan DICOM', 0, true, '2018-12-04 13:37:15', NULL, NULL, NULL),
('a817dc35-1d8d-4d60-b52a-d823bd5f6b5b', '079f7d96-8ef9-40d5-ab1a-0f6641e3e8cf', 'id-ID', 'Arsip', 0, true, '2018-12-04 13:37:15', NULL, NULL, NULL),
('77bf369b-fcf1-4eff-9241-d82e0dfc96a7', '0019a3e6-86ed-46d4-b6b2-e9525385c65f', 'id-ID', 'Unggah', 0, true, '2018-12-04 13:37:15', NULL, NULL, NULL);

--
-- Dumping data for table sec_function
--

INSERT INTO sec_function(function_uuid, menu_uuid, role_uuid, access, version, is_active, created_date, created_by, modified_date, modified_by) VALUES
('f313c770-ae05-4664-b514-a471ed2ec577', 'b9029fd3-44cd-479c-965d-a8da1bfb20eb', '06be80df-5c41-42a7-9050-b328312d2f3a', 'read,trust', 0, true, '2018-12-19 10:06:50.069434', 'admin', null, null),
('1f687a5e-e61c-4ce2-81fc-94ad9c1dbe8b', 'b9029fd3-44cd-479c-965d-a8da1bfb20eb', '1af2403b-a4f8-4492-94c1-5d6ab8b4a094', 'read,trust', 0, true, '2018-12-19 10:09:14.249008', 'admin', null, null),
('a7b6713a-ef5f-4a93-a111-a4769197ab83', 'b9029fd3-44cd-479c-965d-a8da1bfb20eb', 'd46b4b13-4159-4f5c-923d-5d8dfe3f48de', 'read,trust', 0, true, '2018-12-19 10:09:14.249008', 'admin', null, null),
('58a476f7-7986-4123-934e-9dae15e565eb', 'b9029fd3-44cd-479c-965d-a8da1bfb20eb', 'd4fd659f-7bd6-4b1c-9127-e2dcf04651b0', 'read,trust', 0, true, '2018-12-19 10:09:14.249008', 'admin', null, null),
('22c3a77b-8f2d-4f04-a925-825a1e223a9e', 'b9029fd3-44cd-479c-965d-a8da1bfb20eb', 'd68a2ea7-f1cb-484c-a3d4-b669ef3ff3c8', 'read', 0, true, '2018-12-19 10:09:14.249008', 'admin', null, null),
('e4870251-ee37-4685-a432-c5e863cbec61', '77687148-0cda-4a4a-96f1-900cd986c326', '06be80df-5c41-42a7-9050-b328312d2f3a', 'read', 0, true, '2018-12-19 10:09:14.249008', 'admin', null, null),
('628447be-d7fc-4d0b-bf42-7aa8febaf791', '5f4872f1-627e-4789-adf7-dc6db3884267', '06be80df-5c41-42a7-9050-b328312d2f3a', 'read', 0, true, '2018-12-19 10:09:14.249008', 'admin', null, null),
('1646f5de-f72a-4c1a-8250-6152fdc2b5d5', '079f7d96-8ef9-40d5-ab1a-0f6641e3e8cf', '06be80df-5c41-42a7-9050-b328312d2f3a', 'read,write,trust', 0, true, '2018-12-19 10:09:14.249008', 'admin', null, null),
('d6da29e7-d474-4e3a-bd1b-d4c167262b38', '0019a3e6-86ed-46d4-b6b2-e9525385c65f', '06be80df-5c41-42a7-9050-b328312d2f3a', 'read,write,trust', 0, true, '2018-12-19 10:09:14.249008', 'admin', null, null);

--
-- Dumping data for table sec_role
--

INSERT INTO sec_role (role_uuid, role_name, description, "version", is_active, created_date, created_by, modified_date, modified_by) VALUES
('06be80df-5c41-42a7-9050-b328312d2f3a', 'ROLE_ADMIN', 'Role Administrator', 0, true, '2018-12-02 20:52:28', NULL, NULL, NULL),
('1af2403b-a4f8-4492-94c1-5d6ab8b4a094', 'ROLE_RADIOGRAPHER', 'Role Doctor Radiographer', 0, true, '2018-12-03 11:57:36', NULL, NULL, NULL),
('d46b4b13-4159-4f5c-923d-5d8dfe3f48de', 'ROLE_PHYSICIAN', 'Role Doctor Clinic', 0, true, '2018-12-03 11:57:36', NULL, NULL, NULL),
('d4fd659f-7bd6-4b1c-9127-e2dcf04651b0', 'ROLE_NURSE', 'Role Nurse', 0, true, '2018-12-10 09:11:00', NULL, NULL, NULL),
('d68a2ea7-f1cb-484c-a3d4-b669ef3ff3c8', 'ROLE_END', 'Role Patient', 0, true, '2018-12-03 11:57:36', NULL, NULL, NULL);

--
-- Dumping data for table sec_user
--

INSERT INTO sec_user (user_uuid, username, password, account_enabled, account_non_expired, account_non_locker, credentials_non_expired, fullname, email, address, city, province, district_code, phone_number, mobile_number, image, description, verification_code, raw, locale, "version", is_active, created_date, created_by, modified_date, modified_by) VALUES
('181545af-9410-47ca-8de2-4fd29d9da5d9', 'doctor', '$2a$13$iyvREnHcryjZbnGwLkaJsug7cOBmk06QtbLN/L7k5ncJFPLildo1y', true, true, true, true, 'Doctor 01', 'doctor@cpu.co.id', NULL, NULL, NULL, NULL, NULL, NULL, NULL, NULL, NULL, NULL, 'en-US', 0, true, '2018-12-05 14:50:55', NULL, NULL, NULL),
('1ac29215-75e8-4e19-b4f1-e076da7ca1ab', 'admin', '$2a$13$nnc2wLwVUw1.swkX353QTOFYoSZgQZPUUvbAd0mgXV7DMu5KorKw.', true, true, true, true, 'Administrator', 'admin@cpu.co.id', '', NULL, NULL, NULL, NULL, NULL, NULL, NULL, NULL, NULL, 'en-US', 0, true, '2018-12-02 20:50:29', NULL, NULL, NULL),
('38527ac6-edb6-4a4f-8e60-eede49c4c2a6', 'radiographer', '$2a$13$iyvREnHcryjZbnGwLkaJsug7cOBmk06QtbLN/L7k5ncJFPLildo1y', true, true, true, true, 'Radiographer', 'radiographer@cpu.co.id', NULL, NULL, NULL, NULL, NULL, NULL, NULL, NULL, NULL, NULL, 'en-US', 0, true, '2018-12-05 14:50:55', NULL, NULL, NULL),
('adfdd958-b9fe-4ebe-bf1e-1a19c0637071', 'patient', '$2a$13$iyvREnHcryjZbnGwLkaJsug7cOBmk06QtbLN/L7k5ncJFPLildo1y', true, true, true, true, 'Patient 01', 'patient01@cpu.co.id', NULL, NULL, NULL, NULL, NULL, NULL, NULL, NULL, NULL, NULL, 'en-US', 0, true, '2018-12-03 13:05:57', NULL, NULL, NULL);

--
-- Dumping data for table sec_r_user_role
--

INSERT INTO sec_r_user_role (user_uuid, role_uuid) VALUES
('1ac29215-75e8-4e19-b4f1-e076da7ca1ab', '06be80df-5c41-42a7-9050-b328312d2f3a'),
('adfdd958-b9fe-4ebe-bf1e-1a19c0637071', 'd68a2ea7-f1cb-484c-a3d4-b669ef3ff3c8'),
('181545af-9410-47ca-8de2-4fd29d9da5d9', 'd46b4b13-4159-4f5c-923d-5d8dfe3f48de'),
('38527ac6-edb6-4a4f-8e60-eede49c4c2a6', '1af2403b-a4f8-4492-94c1-5d6ab8b4a094');

--
-- Dumping data for table oauth_client_details
--

INSERT INTO oauth_client_details (client_id, resource_ids, client_secret, scope, authorized_grant_types, web_server_redirect_uri, authorities, access_token_validity, refresh_token_validity, additional_information, autoapprove) VALUES
('rip-3rd', 'profile,master', 'secretrip3rd01', 'read,write,check_token', 'authorization_code,refresh_token', 'http://rip.cpu.co.id:69/oauth/secure', 'ROLE_END', 3600, 1800, NULL, '0'),
('rip-core', 'profile,security,master,notification,general,pacs,report', 'secretrip01', 'read,write,trust,check_token', 'password,refresh_token', '', 'ROLE_ADMIN,ROLE_RADIOGRAPHER,ROLE_DOCTOR,ROLE_END', 7200, 3600, NULL, '1'),
('rip-mobile', 'profile,security,master', 'secretrip02', 'read,write,check_token', 'password,refresh_token', '', 'ROLE_END', 7200, 3600, NULL, '1');

--
-- Dumping data for table mst_locale
--

INSERT INTO mst_locale (locale_uuid, locale_code, locale_identifier, locale_icon, locale_default, locale_enabled, "version", is_active, created_date, created_by, modified_date, modified_by) VALUES
('061e3d94-bfef-4e5f-bb24-735ba18e435f', 'id-ID', 'Indonesian (Indonesia)', 'id', false, true, 0, true, '2018-12-04 08:59:55', NULL, NULL, NULL),
('6a6ae290-7c33-46bd-a05a-f6f3964e4cb4', 'en-US', 'English (United States)', 'us', true, true, 0, true, '2018-12-04 08:59:55', NULL, NULL, NULL);

--
-- Dumping data for table mst_parameter_group
--

INSERT INTO mst_parameter_group (parameter_group_uuid, parameter_group_code, parameter_group_name, "version", is_active, created_date, created_by, modified_date, modified_by) VALUES
('a34ce03b-35e5-40d7-9e95-47cb77cf623a', 'GENDER', 'Gender', 0, true, '2018-12-05 11:45:42', NULL, NULL, NULL);

--
-- Dumping data for table mst_parameter
--

INSERT INTO mst_parameter (parameter_uuid, parameter_code, parameter_value, "version", is_active, created_date, created_by, modified_date, modified_by, parameter_group_uuid) VALUES
('eb8c8621-c79c-4f1b-bd77-757d5ed106e5', 'GENDER.MALE', 'Male', 0, true, '2018-12-05 11:46:40', NULL, NULL, NULL, 'a34ce03b-35e5-40d7-9e95-47cb77cf623a'),
('f6dd4b90-6c06-4066-84a3-0599d1a06003', 'GENDER.FEMALE', 'Female', 0, true, '2018-12-05 11:46:40', NULL, NULL, NULL, 'a34ce03b-35e5-40d7-9e95-47cb77cf623a');

--
-- Dumping data for table mst_parameter_i18n
--

INSERT INTO mst_parameter_i18n (parameter_i18n_uuid, parameter_uuid, locale_uuid, parameter_value, "version", is_active, created_date, created_by, modified_date, modified_by) VALUES
('4e1cf97d-da2b-4502-a8fb-8b7c56685061', 'eb8c8621-c79c-4f1b-bd77-757d5ed106e5', '061e3d94-bfef-4e5f-bb24-735ba18e435f', 'Pria', 0, true, '2018-12-05 11:48:40', NULL, NULL, NULL),
('fc74760b-a4f3-48db-a3a8-3fe2e230d3bd', 'f6dd4b90-6c06-4066-84a3-0599d1a06003', '061e3d94-bfef-4e5f-bb24-735ba18e435f', 'Wanita', 0, true, '2018-12-05 11:48:40', NULL, NULL, NULL);

--
-- Dumping data for table wfl_document_status
--

INSERT INTO wfl_document_status (document_status_uuid, document_status_code, document_status_name, document_status_description, "version", is_active, created_date, created_by, modified_date, modified_by) VALUES
('306fcbdd-39fe-4df9-aeee-24b3c26c68c9', 'APPROVED', 'Approved', 'Document Approved', 0, true, '2018-12-06 15:29:16', NULL, NULL, NULL),
('86759a6e-e20c-4821-adef-82c4de25b5c0', 'PENDING', 'Pending', 'Document Pending', 0, true, '2018-12-06 15:29:16', NULL, NULL, NULL),
('b9dcf267-063a-465e-9923-b49324cdab11', 'DRAFT', 'Draft', 'Document Draft', 0, true, '2018-12-06 15:29:16', NULL, NULL, NULL),
('e005ceac-d420-45f5-a9e8-446df3745a90', 'REJECT', 'Reject', 'Document Reject', 0, true, '2018-12-06 15:29:16', NULL, NULL, NULL);

--
-- Dumping data for table wfl_document_status_i18n
--

INSERT INTO wfl_document_status_i18n (document_status_i18n_uuid, locale_code, document_status_uuid, document_status_name, "version", is_active, created_date, created_by, modified_date, modified_by) VALUES
('0274570e-0c27-423a-a90f-957eb04752dd', 'id-ID', '86759a6e-e20c-4821-adef-82c4de25b5c0', 'Tunggu', 0, true, '2018-12-06 15:44:16', NULL, NULL, NULL),
('65cba896-0af0-4dd2-b858-7191ceee105e', 'id-ID', 'b9dcf267-063a-465e-9923-b49324cdab11', 'Draf', 0, true, '2018-12-06 15:44:16', NULL, NULL, NULL),
('6ee15aaa-98c2-4a24-94f8-ad7efb4b9b4a', 'id-ID', 'e005ceac-d420-45f5-a9e8-446df3745a90', 'Tolak', 0, true, '2018-12-06 15:44:16', NULL, NULL, NULL),
('97dc41f8-00b5-47fa-8dad-885f8bea30fe', 'id-ID', '306fcbdd-39fe-4df9-aeee-24b3c26c68c9', 'Setuju', 0, true, '2018-12-06 15:44:16', NULL, NULL, NULL);

--
-- Dumping data for table wfl_document_type
--

INSERT INTO wfl_document_type (document_type_uuid, document_type_code, document_type_name, "version", is_active, created_date, created_by, modified_date, modified_by) VALUES
('95961607-b321-4e39-b8f8-b77ca6dd368a', 'RADIOLOGY.ASSESSMENT', 'Radiology Assessment', 0, true, '2018-12-07 08:51:56', NULL, NULL, NULL);

COMMIT;